gene	gene_name	uniprot	druggability_score	hit_in_deg	human_offtarget	gut_microbiome_offtarget	betweenness_centrality
MPN_RS00005	dnaN	Q50313	0.34	True	no_hit	no_hit	0.0
MPN_RS00010	MPN_RS00010	Q50312	0.761	False	51.351	no_hit	0.0
MPN_RS00015	gyrB	P22447	0.451	True	27.211	1.0	0.0
MPN_RS00020	gyrA	P22446	0.737	True	28.453	1.0	0.0
MPN_RS00025	serS	P75107	0.452	True	40.157	0.643	0.0
MPN_RS00030	tmk	P75106	0.592	True	no_hit	0.22	0.0284065825157591
MPN_RS00035	MPN_RS00035	P75105	0.804	True	no_hit	no_hit	0.0
MPN_RS00040	mnmE	P75104	0.611	True	29.167	0.001	0.7640283002812691
MPN_RS00045	MPN_RS00045	P78005	0.907	False	31.818	0.001	0.0
MPN_RS00050	MPN_RS00050	P75103	0.687	False	no_hit	no_hit	0.0
MPN_RS00055	MPN_RS00055	P75102	0.816	False	no_hit	no_hit	0.0
MPN_RS00060	MPN_RS00060	P75101	0.714	False	no_hit	no_hit	0.0
MPN_RS04215	MPN_RS04215	P75100	0.784	False	no_hit	no_hit	0.0
MPN_RS00075	MPN_RS00075	P75099	0.823	False	no_hit	no_hit	0.0
MPN_RS00080	MPN_RS00080	P75098	0.221	False	no_hit	no_hit	0.0
MPN_RS00085	MPN_RS00085	P75097	0.743	True	31.553	0.001	0.0
MPN_RS00090	MPN_RS00090	P75096	0.878	True	41.558	no_hit	0.4530890870362856
MPN_RS00105	MPN_RS00105	P75095	0.787	True	40.789	no_hit	0.0
MPN_RS00110	MPN_RS00110	P75094	0.898	True	64.815	0.004	0.0
MPN_RS00115	MPN_RS00115	P75093	0.774	True	50.0	0.261	0.0
MPN_RS00120	MPN_RS00120	P78004	0.469	True	57.353	0.001	0.0
MPN_RS00125	pip	P75092	0.394	True	no_hit	0.002	0.0
MPN_RS00130	metG	P75091	0.644	True	34.0	0.082	0.0
MPN_RS00135	rpoE	P75090	0.688	True	no_hit	no_hit	0.0
MPN_RS00140	fba	P75089	0.733	True	no_hit	0.732	0.1476415520027689
MPN_RS00150	MPN_RS00150	P75087	0.834	False	no_hit	no_hit	0.0
MPN_RS00155	MPN_RS00155	P75086	0.775	True	no_hit	0.089	0.0
MPN_RS00160	efp	P75085	0.22	True	no_hit	0.117	0.0
MPN_RS00165	MPN_RS00165	P75084	0.838	True	no_hit	no_hit	0.0
MPN_RS00170	MPN_RS00170	P75083	0.513	True	no_hit	no_hit	0.0
MPN_RS00175	MPN_RS00175	P75082		True	no_hit	0.008	0.0
MPN_RS00180	upp	P75081	0.318	True	29.592	0.997	0.0410486855609958
MPN_RS00185	polC	P75080	0.803	True	no_hit	0.007	0.0
MPN_RS00190	MPN_RS00190	P75079	0.823	False	no_hit	no_hit	0.0
MPN_RS00195	MPN_RS00195	P75078	0.82	False	no_hit	no_hit	0.0
MPN_RS00205	MPN_RS00205	P75076	0.535	False	no_hit	no_hit	0.0
MPN_RS00210	MPN_RS00210	P75075	0.912	False	no_hit	no_hit	0.0
MPN_RS00215	MPN_RS00215	P75073	0.805	False	no_hit	no_hit	0.0
MPN_RS00220	MPN_RS00220	P75072	0.814	False	no_hit	no_hit	0.0
MPN_RS00225	MPN_RS00225	P75071	0.784	True	28.626	0.002	0.0
MPN_RS00235	hisS	P75069	0.455	True	25.424	0.004	0.0
MPN_RS00240	aspS	P75068	0.675	True	36.416	0.072	0.0
MPN_RS00245	MPN_RS00245	P75067	0.601	True	33.046	no_hit	0.0560706537914377
MPN_RS00250	MPN_RS00250	P75066	0.942	False	no_hit	no_hit	0.0
MPN_RS00255	MPN_RS00255	P75065	0.853	False	no_hit	no_hit	0.0
MPN_RS00260	MPN_RS00260			False	no_hit	no_hit	0.0
MPN_RS00265	glpK	P75064	0.77	True	52.174	1.0	0.0
MPN_RS00270	glpO	P75063	0.683	False	32.5	no_hit	0.0
MPN_RS00275	MPN_RS00275	P75062	0.643	True	no_hit	no_hit	0.0
MPN_RS00280	ptsH	P75061	0.186	True	no_hit	0.386	0.0
MPN_RS00290	MPN_RS00290			False	no_hit	no_hit	0.0
MPN_RS00295	MPN_RS00295	P75060	0.847	False	no_hit	no_hit	0.0
MPN_RS00300	MPN_RS00300			False	no_hit	no_hit	0.0
MPN_RS00305	MPN_RS00305	P75059	0.885	True	44.33	0.759	0.0
MPN_RS00310	MPN_RS00310	P75058	0.693	True	no_hit	0.001	0.0
MPN_RS00315	MPN_RS00315	P75057	0.677	True	no_hit	0.002	0.0
MPN_RS00320	MPN_RS00320	P75056	0.762	True	no_hit	no_hit	0.0
MPN_RS00325	tsaD	P75055	0.642	True	37.572	0.001	0.0252410131861651
MPN_RS00330	metK	P78003	0.672	True	38.71	0.79	0.0294108556350032
MPN_RS00335	MPN_RS00335			False	no_hit	no_hit	0.0
MPN_RS00340	ffh	P75054	0.755	True	33.223	0.944	0.0
MPN_RS00345	deoD	P75053	0.351	True	no_hit	0.98	0.053717868555003
MPN_RS00350	deoC	P09924	0.487	True	35.632	0.991	0.0050303547934922
MPN_RS00355	MPN_RS00355	P75052	0.266	False	48.889	0.175	0.0039812255798601
MPN_RS00360	cdd	P75051	0.67	True	36.752	0.113	0.0
MPN_RS00365	MPN_RS00365	P75050	0.757	True	27.941	no_hit	0.0261111011003443
MPN_RS00370	nusG	P75049	0.739	True	no_hit	no_hit	0.0
MPN_RS00375	secE	P75048		True	no_hit	no_hit	0.0
MPN_RS00380	rpmG	P56850	0.756	True	no_hit	0.029	0.0
MPN_RS00385	MPN_RS00385	P75047	0.882	True	no_hit	no_hit	0.0
MPN_RS00390	rsmI	P75046	0.696	True	no_hit	0.003	0.0
MPN_RS00395	rnmV	P75045	0.798	True	no_hit	0.011	0.0
MPN_RS00400	prs	P75044	0.573	True	54.237	0.989	0.3786137118090208
MPN_RS04050	smpB	P75043	0.071	True	no_hit	0.433	0.0
MPN_RS00405	MPN_RS00405	P75042	0.761	True	no_hit	0.02	0.0
MPN_RS00410	MPN_RS00410	P75041	0.932	True	no_hit	no_hit	0.0
MPN_RS00415	MPN_RS00415	P75040	0.82	True	no_hit	no_hit	0.0
MPN_RS00425	MPN_RS00425	P75039	0.884	False	no_hit	no_hit	0.0
MPN_RS00430	MPN_RS00430	P75038	0.634	False	no_hit	no_hit	0.0
MPN_RS03875	MPN_RS03875			False	no_hit	no_hit	0.0
MPN_RS00435	MPN_RS00435	P75613	0.752	True	no_hit	no_hit	0.0
MPN_RS00440	MPN_RS00440	P75612	0.668	True	38.462	0.989	0.0
MPN_RS00445	MPN_RS00445	P75611	0.524	True	34.862	0.005	0.4592098339212018
MPN_RS00450	MPN_RS00450	P75610	0.735	False	no_hit	no_hit	0.0
MPN_RS00455	MPN_RS00455	P75609	0.441	True	no_hit	no_hit	0.0
MPN_RS00460	MPN_RS00460	P75608	0.901	False	no_hit	no_hit	0.0
MPN_RS00465	MPN_RS00465	P75607	0.761	False	no_hit	no_hit	0.0
MPN_RS00470	MPN_RS00470	P75606	0.941	False	no_hit	no_hit	0.0
MPN_RS00475	MPN_RS00475			False	no_hit	no_hit	0.0
MPN_RS00480	MPN_RS00480			False	no_hit	no_hit	0.0
MPN_RS00485	MPN_RS00485	P75605		False	no_hit	no_hit	0.0
MPN_RS03880	MPN_RS03880			False	no_hit	no_hit	0.0
MPN_RS00490	MPN_RS00490	P75604	0.765	True	no_hit	0.079	0.0
MPN_RS00495	MPN_RS00495	P75603	0.858	False	no_hit	no_hit	0.0
MPN_RS00500	MPN_RS00500	P75602	0.38	False	no_hit	no_hit	0.0
MPN_RS00505	MPN_RS00505	P75599	0.363	True	no_hit	no_hit	0.0
MPN_RS00510	MPN_RS00510	P75598	0.801	False	no_hit	no_hit	0.0
MPN_RS00515	MPN_RS00515			False	no_hit	no_hit	0.0
MPN_RS03965	MPN_RS03965	P75597	0.925	False	no_hit	0.001	0.0
MPN_RS03970	MPN_RS03970	P75596	0.814	False	no_hit	no_hit	0.0
MPN_RS00545	MPN_RS00545	P75595	0.596	True	90.323	no_hit	0.0
MPN_RS00550	MPN_RS00550	P75594	0.718	True	no_hit	no_hit	0.0
MPN_RS00560	MPN_RS00560			False	no_hit	no_hit	0.0
MPN_RS00565	MPN_RS00565	P75592	0.43	False	no_hit	no_hit	0.0
MPN_RS00585	MPN_RS00585	P75566	0.781	False	no_hit	no_hit	0.0
MPN_RS00590	MPN_RS00590	P75565		False	no_hit	no_hit	0.0
MPN_RS00595	MPN_RS00595			False	no_hit	no_hit	0.0
MPN_RS00600	pheS	P75564	0.707	True	31.507	0.146	0.0
MPN_RS00605	pheT	P75563	0.293	True	no_hit	no_hit	0.0
MPN_RS00610	MPN_RS00610	P75562	0.724	False	no_hit	0.003	0.0
MPN_RS00615	MPN_RS00615	P75561	0.603	False	no_hit	0.099	0.0
MPN_RS03975	MPN_RS03975	P75453	0.567	False	no_hit	0.001	0.0
MPN_RS00620	MPN_RS00620	P75452	0.611	False	no_hit	0.001	0.0
MPN_RS00625	MPN_RS00625			False	no_hit	no_hit	0.0
MPN_RS00630	MPN_RS00630	P75451	0.323	False	no_hit	0.098	0.0
MPN_RS00635	MPN_RS00635			False	no_hit	0.237	0.0
MPN_RS00640	MPN_RS00640	P75450	0.945	False	no_hit	0.002	0.0
MPN_RS00645	MPN_RS00645	P75449	0.755	False	no_hit	no_hit	0.0
MPN_RS00650	MPN_RS00650	P75448	0.79	False	25.209	no_hit	0.0
MPN_RS00655	infC	P78024	0.832	True	24.39	0.022	0.0
MPN_RS00660	rpmI	P75447	0.053	True	no_hit	0.717	0.0
MPN_RS00665	rplT	P78023	0.053	True	41.818	1.0	0.0
MPN_RS00670	MPN_RS00670	P75446	0.77	True	no_hit	0.001	0.0
MPN_RS00675	topJ	P75354	0.95	True	69.697	no_hit	0.0
MPN_RS00680	MPN_RS00680	P78017	0.815	True	no_hit	0.005	0.0
MPN_RS00685	MPN_RS00685	P75353	0.669	True	no_hit	no_hit	0.0
MPN_RS00695	parE	P78016	0.297	True	27.939	1.0	0.0
MPN_RS00700	parC	P75352	0.804	True	23.906	0.036	0.0
MPN_RS00705	hrcA	P75351	0.524	True	no_hit	no_hit	0.0
MPN_RS00715	MPN_RS00715	P75349	0.774	False	no_hit	no_hit	0.0
MPN_RS00725	MPN_RS00725			False	no_hit	no_hit	0.0
MPN_RS00735	MPN_RS00735	P75346	0.834	False	no_hit	no_hit	0.0
MPN_RS00750	MPN_RS00750	P75345	0.677	False	no_hit	no_hit	0.0
MPN_RS00755	MPN_RS00755			False	no_hit	no_hit	0.0
MPN_RS00760	MPN_RS00760	P75267	0.549	False	no_hit	no_hit	0.0
MPN_RS00765	MPN_RS00765	P75266	0.925	False	no_hit	no_hit	0.0
MPN_RS00770	MPN_RS00770	P75265	0.276	False	no_hit	no_hit	0.0
MPN_RS00775	MPN_RS00775	P75264	0.605	True	61.765	0.544	0.0
MPN_RS00780	MPN_RS00780	P75263	0.727	True	no_hit	0.001	0.0
MPN_RS00785	MPN_RS00785	P75262	0.8	True	no_hit	no_hit	0.0
MPN_RS03885	MPN_RS03885			False	no_hit	no_hit	0.0
MPN_RS00790	MPN_RS00790	P75261	0.803	False	no_hit	0.078	0.0
MPN_RS00795	MPN_RS00795	P75260	0.816	False	no_hit	0.19	0.0
MPN_RS00800	MPN_RS00800	P75259	0.726	False	no_hit	no_hit	0.0
MPN_RS00805	MPN_RS00805	P75144	0.658	True	no_hit	0.002	0.0
MPN_RS00810	mgpA	P11311	0.719	True	no_hit	no_hit	0.0
MPN_RS00815	mgpC	Q50341	0.863	True	no_hit	no_hit	0.0
MPN_RS00820	MPN_RS00820	P75143	0.839	False	no_hit	no_hit	0.0
MPN_RS03890	MPN_RS03890			False	no_hit	no_hit	0.0
MPN_RS00830	MPN_RS00830	P75141	0.19	False	no_hit	no_hit	0.0
MPN_RS00845	MPN_RS00845			False	no_hit	no_hit	0.0
MPN_RS04100	MPN_RS04100	P75037	0.792	False	no_hit	no_hit	0.0
MPN_RS00860	MPN_RS00860	P75035	0.458	False	no_hit	no_hit	0.0
MPN_RS00870	MPN_RS00870	P75033	0.602	False	26.667	no_hit	0.0
MPN_RS00880	MPN_RS00880			True	no_hit	no_hit	0.0
MPN_RS00885	infB	P75590	0.449	True	38.225	0.997	0.0
MPN_RS00890	rbfA	P75589	0.76	True	no_hit	no_hit	0.0
MPN_RS00895	MPN_RS00895	P75588	0.824	True	no_hit	no_hit	0.0
MPN_RS00900	ribF	P75587	0.532	True	31.496	no_hit	0.0
MPN_RS00905	MPN_RS00905	P75586	0.7	True	24.092	no_hit	0.0
MPN_RS00910	MPN_RS00910	P75585	0.866	True	no_hit	no_hit	0.0
MPN_RS00915	MPN_RS00915	P75584	0.547	True	no_hit	no_hit	0.0
MPN_RS00920	MPN_RS00920	P75583	0.663	False	no_hit	no_hit	0.0
MPN_RS00925	MPN_RS00925	P75582	0.639	True	no_hit	no_hit	0.0
MPN_RS00930	rpsJ	P75581		True	no_hit	0.691	0.0
MPN_RS00935	rplC	P75580	0.053	True	46.97	0.73	0.0
MPN_RS00940	rplD	P75579	0.053	True	59.459	0.106	0.0
MPN_RS00945	MPN_RS00945	P75578	0.053	True	no_hit	0.028	0.0
MPN_RS00950	rplB	P75577	0.053	True	38.991	1.0	0.0
MPN_RS00955	rpsS	P75576		True	44.776	0.613	0.0
MPN_RS00960	rplV	P75575	0.053	True	no_hit	0.975	0.0
MPN_RS00965	rpsC	P41205		True	no_hit	0.932	0.0
MPN_RS00970	rplP	P41204	0.053	True	no_hit	0.998	0.0
MPN_RS00975	rpmC	Q50310	0.053	True	no_hit	0.071	0.0
MPN_RS00980	rpsQ	Q50309		True	no_hit	1.0	0.0
MPN_RS00985	rplN	Q50308	0.053	True	42.623	0.792	0.0
MPN_RS00990	rplX	Q50307	0.053	True	no_hit	0.257	0.0
MPN_RS00995	rplE	Q50306	0.053	True	30.303	1.0	0.0
MPN_RS01000	MPN_RS01000	Q50305		True	no_hit	0.523	0.0
MPN_RS01005	rpsH	Q50304		True	26.357	1.0	0.0
MPN_RS01010	rplF	Q50303	0.053	True	no_hit	0.973	0.0
MPN_RS01015	rplR	Q50302	0.053	True	no_hit	0.763	0.0
MPN_RS01020	rpsE	Q50301		True	38.235	0.998	0.0
MPN_RS01025	rplO	Q50300	0.053	True	29.839	0.358	0.0
MPN_RS01030	secY	Q59548	0.603	True	no_hit	0.007	0.0
MPN_RS01035	MPN_RS01035	Q50299	0.701	True	36.975	0.003	0.0
MPN_RS01040	map	Q11132	0.657	True	26.19	no_hit	0.0
MPN_RS01045	infA	Q50298	0.458	True	no_hit	0.735	0.0
MPN_RS01050	rpmJ	P52864	0.053	True	no_hit	0.187	0.0
MPN_RS01055	rpsM	Q50297		True	30.769	1.0	0.0
MPN_RS01060	rpsK	Q50296		True	36.792	0.999	0.0
MPN_RS01065	rpoA	Q50295	0.73	True	no_hit	0.02	0.0
MPN_RS01070	rplQ	Q59547	0.053	True	26.415	0.164	0.0
MPN_RS01075	MPN_RS01075	Q50294	0.445	True	34.973	0.726	0.0
MPN_RS01080	MPN_RS01080	Q50293	0.232	True	33.937	0.559	0.0
MPN_RS01085	MPN_RS01085	Q50292	0.872	True	no_hit	0.259	0.0
MPN_RS01090	truA	Q50291	0.274	True	28.571	0.002	0.0
MPN_RS01095	pepF	P54125	0.501	True	no_hit	no_hit	0.0
MPN_RS01100	MPN_RS01100	Q50290	0.763	True	no_hit	0.075	0.0
MPN_RS01105	MPN_RS01105	Q50289	0.67	True	no_hit	no_hit	0.0
MPN_RS01110	MPN_RS01110			False	no_hit	no_hit	0.0
MPN_RS01115	MPN_RS01115	Q50288	0.891	True	no_hit	no_hit	0.0
MPN_RS01120	MPN_RS01120	Q50287	0.598	True	no_hit	0.082	0.0
MPN_RS01145	MPN_RS01145	P75572	0.541	False	no_hit	no_hit	0.0
MPN_RS03985	MPN_RS03985	P75570	0.897	False	no_hit	no_hit	0.0
MPN_RS01165	MPN_RS01165	P75569	0.82	True	no_hit	0.002	0.0
MPN_RS01175	rpsB	P75560		True	33.684	0.454	0.0
MPN_RS01180	MPN_RS01180	P78036	0.831	True	46.667	0.002	0.0
MPN_RS01185	secA	P75559	0.544	True	no_hit	0.848	0.0
MPN_RS01190	uvrB	P75558	0.622	True	29.688	1.0	0.0
MPN_RS01195	MPN_RS01195	P0CJ80	0.792	True	no_hit	no_hit	0.0
MPN_RS01200	MPN_RS01200	P75556		True	no_hit	no_hit	0.0
MPN_RS01205	MPN_RS01205	P75555	0.809	True	no_hit	no_hit	0.0
MPN_RS01210	MPN_RS01210	P75554	0.772	True	no_hit	no_hit	0.0
MPN_RS01215	MPN_RS01215	P75553	0.696	True	no_hit	no_hit	0.0
MPN_RS01220	MPN_RS01220	P75552	0.825	True	31.868	0.703	0.0
MPN_RS01225	MPN_RS01225	P75551	0.866	True	44.944	0.001	0.0
MPN_RS01230	rplK	P75550	0.053	True	35.385	0.995	0.0
MPN_RS01235	rplA	P78035	0.671	True	no_hit	0.999	0.0
MPN_RS01240	pth	P78034	0.612	True	34.646	0.056	0.0
MPN_RS01245	tilS	P75549	0.476	True	no_hit	0.002	0.0
MPN_RS01250	hprK	P75548	0.862	True	no_hit	0.003	0.0
MPN_RS01255	lgt	P75547	0.786	True	no_hit	no_hit	0.0
MPN_RS01260	rpsL	P75546		True	51.807	0.878	0.0
MPN_RS01265	rpsG	P75545		True	35.849	1.0	0.0
MPN_RS01270	fusA	P75544	0.524	True	67.347	1.0	0.0
MPN_RS01275	rpsF	P75543		True	no_hit	0.002	0.0
MPN_RS01280	MPN_RS01280	P75542	0.401	True	no_hit	0.004	0.0
MPN_RS01285	rpsR	P75541		True	no_hit	0.966	0.0
MPN_RS01290	rplI	P75540	0.053	True	no_hit	0.022	0.0
MPN_RS01295	MPN_RS01295	P75539	0.674	True	no_hit	0.071	0.0
MPN_RS01300	MPN_RS01300	P75538	0.697	True	no_hit	no_hit	0.0
MPN_RS01305	MPN_RS01305	P75537	0.875	False	no_hit	no_hit	0.0
MPN_RS01310	ung	P75536	0.798	True	34.286	no_hit	0.0
MPN_RS01315	gatC	P75535	0.649	True	no_hit	no_hit	0.0
MPN_RS01320	gatA	P75534	0.435	True	40.465	0.014	0.0
MPN_RS01325	gatB	P75533	0.564	True	37.931	0.013	0.0
MPN_RS01330	MPN_RS01330	P75532	0.811	True	no_hit	no_hit	0.0
MPN_RS01335	trxB	P75531	0.744	True	no_hit	0.097	0.0
MPN_RS01340	whiA	P75530	0.663	False	no_hit	no_hit	0.0
MPN_RS01345	secG	Q9EXD0	0.833	True	no_hit	0.001	0.0
MPN_RS01350	rnr	P75529	0.328	True	26.757	no_hit	0.0
MPN_RS01355	cdaM	P75528	0.579	True	no_hit	0.288	0.0
MPN_RS01360	def	P75527	0.871	True	no_hit	0.037	0.0
MPN_RS01365	gmk	P75526	0.604	True	41.818	0.809	0.0672780782445267
MPN_RS01370	MPN_RS01370	P75525	0.463	True	no_hit	no_hit	0.0
MPN_RS01375	MPN_RS01375	P75524	0.636	True	39.785	no_hit	0.0
MPN_RS01380	rsgA	P75523	0.867	True	no_hit	no_hit	0.0007283910299476
MPN_RS01385	MPN_RS01385	P78033	0.886	True	24.549	0.006	0.0525091373776154
MPN_RS01390	MPN_RS01390	P75522	0.844	False	31.288	no_hit	0.0012672970314269
MPN_RS01395	asnS	P75521	0.666	True	61.364	0.997	0.0
MPN_RS01400	pgsA	P75520	0.687	True	28.571	0.091	0.0536605582870911
MPN_RS01405	MPN_RS01405	Q9EXC9	0.794	True	no_hit	0.398	0.0
MPN_RS01410	MPN_RS01410	P75519	0.758	False	no_hit	no_hit	0.0
MPN_RS01415	MPN_RS01415	P75518	0.885	False	no_hit	no_hit	0.0
MPN_RS01420	galE	P75517	0.348	True	45.455	0.015	0.0139163560809527
MPN_RS01425	MPN_RS01425	P75516	0.571	True	29.73	0.156	0.0
MPN_RS01430	MPN_RS01430	P75515	0.735	True	no_hit	no_hit	0.0
MPN_RS01435	MPN_RS01435	P75514	0.736	True	no_hit	no_hit	0.0
MPN_RS01440	topA	P78032	0.36	True	27.053	0.004	0.0
MPN_RS01445	MPN_RS01445	P75513	0.379	True	no_hit	no_hit	0.0
MPN_RS01450	trxA	P75512	0.717	True	47.368	0.381	0.0
MPN_RS01455	MPN_RS01455	P75511	0.849	True	no_hit	no_hit	0.0
MPN_RS01460	trpS	P75510	0.72	True	34.743	0.2	0.0
MPN_RS01465	MPN_RS01465	P75509	0.31	True	no_hit	0.009	0.0
MPN_RS01470	MPN_RS01470	P75508	0.445	True	no_hit	no_hit	0.0584641244075194
MPN_RS01475	MPN_RS01475	P75507	0.937	True	no_hit	no_hit	0.0
MPN_RS01480	MPN_RS01480	P75506	0.822	True	no_hit	no_hit	0.0
MPN_RS01485	MPN_RS01485	Q9EXD1	0.939	True	no_hit	no_hit	0.0
MPN_RS01490	MPN_RS01490	P75505	0.753	False	no_hit	no_hit	0.0
MPN_RS01505	MPN_RS01505	Q9EXD2		False	no_hit	no_hit	0.0
MPN_RS01510	MPN_RS01510	P75504	0.796	True	35.849	0.269	0.0
MPN_RS01515	MPN_RS01515	P75503	0.856	True	no_hit	no_hit	0.0
MPN_RS01520	MPN_RS01520	P75502	0.58	False	no_hit	0.019	0.0
MPN_RS01525	MPN_RS01525	P75501	0.776	True	no_hit	no_hit	0.0
MPN_RS01530	lysS	P75500	0.322	True	42.708	1.0	0.0
MPN_RS01535	glf	P75499	0.739	True	no_hit	no_hit	0.0
MPN_RS01545	MPN_RS01545	P75497	0.783	True	no_hit	0.058	0.0
MPN_RS01560	MPN_RS01560	P75494	0.574	False	no_hit	no_hit	0.0
MPN_RS01565	MPN_RS01565			False	no_hit	no_hit	0.0
MPN_RS01570	MPN_RS01570			False	no_hit	no_hit	0.0
MPN_RS01575	MPN_RS01575	P75493	0.488	True	80.645	no_hit	0.0
MPN_RS01580	MPN_RS01580	P75492	0.9	True	no_hit	0.156	0.0
MPN_RS01590	MPN_RS01590	P75490		False	no_hit	no_hit	0.0
MPN_RS01595	MPN_RS01595	P75489	0.86	False	no_hit	no_hit	0.0
MPN_RS01600	MPN_RS01600	P75488	0.033	True	no_hit	0.37	0.0
MPN_RS01605	MPN_RS01605	P75487	0.911	False	no_hit	0.034	0.0
MPN_RS01610	tsaB	P75486	0.744	True	no_hit	no_hit	0.0252410131861651
MPN_RS01615	MPN_RS01615	P75485	0.772	True	35.028	0.051	0.0
MPN_RS01620	lspA	P75484	0.778	True	no_hit	no_hit	0.0
MPN_RS01625	MPN_RS01625	P75483	0.579	False	no_hit	no_hit	0.0
MPN_RS01630	MPN_RS01630	P75482	0.87	True	no_hit	no_hit	0.0
MPN_RS01635	rpsU	P57079		True	no_hit	0.001	0.0
MPN_RS01640	MPN_RS01640	P75481	0.813	True	no_hit	no_hit	0.0
MPN_RS01645	MPN_RS01645	P75480	0.561	True	no_hit	0.011	0.0
MPN_RS01650	MPN_RS01650	P75479	0.829	True	33.333	0.009	0.0032655955850247
MPN_RS01655	scpA	P75478	0.841	True	no_hit	no_hit	0.0
MPN_RS01660	scpB	P75477	0.878	True	no_hit	0.089	0.0
MPN_RS01665	MPN_RS01665	P75476	0.582	True	53.488	0.044	0.0131372480411638
MPN_RS01670	pyk	P78031	0.531	True	36.735	0.2	0.2494578265423054
MPN_RS01730	arcC	P78030	0.82	False	no_hit	0.708	0.1488478732196561
MPN_RS01735	MPN_RS01735	P75472	0.847	False	no_hit	0.001	0.0
MPN_RS01740	MPN_RS01740	P0CJ81	0.934	True	no_hit	0.009	0.0
MPN_RS01745	hmw2	P75471	0.738	True	no_hit	no_hit	0.0
MPN_RS01750	MPN_RS01750	P75470	0.646	True	no_hit	no_hit	0.0
MPN_RS01755	MPN_RS01755	P75469	0.603	False	no_hit	no_hit	0.0
MPN_RS01760	MPN_RS01760	P75468	0.896	False	no_hit	no_hit	0.0
MPN_RS01770	mraZ	P75467	0.815	True	no_hit	0.011	0.0
MPN_RS01775	rsmH	P75466	0.682	True	36.31	0.54	0.0
MPN_RS01780	MPN_RS01780	P75465	0.818	True	no_hit	no_hit	0.0
MPN_RS01785	ftsZ	P75464	0.641	True	no_hit	no_hit	0.0
MPN_RS01790	MPN_RS01790	P75463	0.674	True	no_hit	no_hit	0.0
MPN_RS01795	MPN_RS01795	P75462	0.697	False	no_hit	no_hit	0.0
MPN_RS01800	MPN_RS01800	P78029	0.79	True	47.157	0.568	0.1072034201755282
MPN_RS01805	MPN_RS01805	P78028	0.687	True	no_hit	no_hit	0.1478590630283966
MPN_RS01810	nrdF	P75461	0.58	True	21.212	0.113	0.0
MPN_RS01815	nrdI	P75460	0.529	True	no_hit	0.125	0.0
MPN_RS01820	nrdE	P78027	0.444	True	29.897	0.241	0.0
MPN_RS01825	rplU	P78026	0.053	True	no_hit	0.677	0.0
MPN_RS01830	MPN_RS01830	P75459	0.754	True	no_hit	0.001	0.0
MPN_RS01835	rpmA	P75458	0.053	True	45.833	1.0	0.0
MPN_RS01840	MPN_RS01840	P75457	0.465	True	no_hit	0.185	0.0
MPN_RS01845	MPN_RS01845	P75456	0.541	True	no_hit	no_hit	0.0
MPN_RS01850	MPN_RS01850	P75455	0.664	False	no_hit	no_hit	0.0
MPN_RS01855	tig	P75454	0.695	False	no_hit	no_hit	0.0
MPN_RS01860	lon	P78025	0.518	True	49.068	0.301	0.0
MPN_RS01865	MPN_RS01865	P75445	0.796	False	no_hit	no_hit	0.0
MPN_RS01870	MPN_RS01870	P75444	0.703	False	29.851	0.003	0.0
MPN_RS01875	MPN_RS01875	P75443	0.501	False	no_hit	no_hit	0.0
MPN_RS01880	MPN_RS01880	P75442	0.777	True	no_hit	0.002	0.1493246893981374
MPN_RS01885	MPN_RS01885	P75441	0.577	True	no_hit	no_hit	0.0
MPN_RS01890	MPN_RS01890	P75440	0.657	True	no_hit	no_hit	0.0
MPN_RS01895	MPN_RS01895	P75439	0.88	True	no_hit	no_hit	0.0
MPN_RS01900	MPN_RS01900	P75438	0.611	False	no_hit	no_hit	0.0
MPN_RS01905	MPN_RS01905	P75437	0.445	False	no_hit	no_hit	0.0
MPN_RS01910	MPN_RS01910	P75436	0.367	False	no_hit	0.485	0.0
MPN_RS01915	MPN_RS01915	P75435	0.96	True	no_hit	0.207	0.0
MPN_RS04325	MPN_RS04325	P75434	0.317	False	no_hit	no_hit	0.0
MPN_RS01925	MPN_RS01925			False	no_hit	no_hit	0.0
MPN_RS01940	MPN_RS01940	P75431	0.563	False	no_hit	0.008	0.0
MPN_RS04240	MPN_RS04240			False	no_hit	no_hit	0.0
MPN_RS04140	MPN_RS04140			False	no_hit	no_hit	0.0
MPN_RS01950	MPN_RS01950	P75430	0.827	True	25.157	0.06	0.0
MPN_RS01955	MPN_RS01955	P75429	0.545	True	no_hit	0.063	0.0
MPN_RS01960	plsY	P75428	0.674	True	no_hit	0.004	0.1981613045333151
MPN_RS01965	MPN_RS01965	P75427	0.883	False	no_hit	no_hit	0.0
MPN_RS01970	MPN_RS01970	P78022	0.713	True	no_hit	0.96	0.0
MPN_RS01975	dnaG	P75426	0.914	True	no_hit	no_hit	0.0
MPN_RS01980	glyS	P75425	0.429	True	38.043	0.826	0.0
MPN_RS01985	rlmB	P75424	0.895	False	27.888	0.024	0.0
MPN_RS01990	cysS	P75423	0.463	True	46.914	0.003	0.0
MPN_RS01995	ligA	P78021	0.725	True	no_hit	0.087	0.2104002523482776
MPN_RS02005	MPN_RS02005	P75422	0.831	False	no_hit	no_hit	0.0
MPN_RS02020	MPN_RS02020	P75421	0.582	False	no_hit	no_hit	0.0
MPN_RS02025	rpmE	P78020	0.053	True	no_hit	0.037	0.0
MPN_RS02030	prfA	P75420	0.214	True	60.656	1.0	0.0
MPN_RS02035	MPN_RS02035	P75419	0.759	True	25.974	no_hit	0.0
MPN_RS02045	MPN_RS02045	P75416	0.878	True	no_hit	0.042	0.0
MPN_RS02065	MPN_RS02065	P75413	0.596	False	no_hit	no_hit	0.0
MPN_RS02070	MPN_RS02070	P75412	0.672	False	no_hit	no_hit	0.0
MPN_RS02090	MPN_RS02090	P75409	0.941	False	no_hit	no_hit	0.0
MPN_RS02095	MPN_RS02095			False	no_hit	no_hit	0.0
MPN_RS02100	MPN_RS02100			False	no_hit	no_hit	0.0
MPN_RS02105	MPN_RS02105	P75407	0.814	False	no_hit	no_hit	0.0
MPN_RS02110	MPN_RS02110	P75406	0.669	False	no_hit	no_hit	0.0
MPN_RS02115	MPN_RS02115	P75405	0.799	False	no_hit	no_hit	0.0
MPN_RS02125	MPN_RS02125	Q9EXD3	0.208	False	no_hit	no_hit	0.0
MPN_RS02130	MPN_RS02130	P75404	0.824	True	no_hit	0.009	0.0
MPN_RS02135	MPN_RS02135	P75403	0.214	True	no_hit	0.019	0.0
MPN_RS02140	mutM	P75402	0.684	True	no_hit	0.056	0.0
MPN_RS02145	MPN_RS02145	P75401	0.587	True	no_hit	no_hit	0.0
MPN_RS02150	coaE	P75400	0.767	False	25.676	no_hit	0.0243894900387831
MPN_RS02155	MPN_RS02155	P75399	0.532	True	no_hit	0.001	0.0
MPN_RS02160	leuS	P75398	0.596	True	50.0	0.292	0.0
MPN_RS02165	MPN_RS02165	P75397	0.696	True	no_hit	no_hit	0.0
MPN_RS02170	MPN_RS02170	P75396	0.664	False	no_hit	0.001	0.0
MPN_RS02180	MPN_RS02180	P75395	0.872	False	no_hit	no_hit	0.0
MPN_RS02185	MPN_RS02185	Q9EXD4	0.309	False	no_hit	no_hit	0.0
MPN_RS02190	MPN_RS02190	P75394	0.498	True	41.837	0.016	0.0
MPN_RS02195	lpdA	P75393	0.72	True	45.588	0.009	0.5357161423477993
MPN_RS02200	MPN_RS02200	P75392	0.772	True	36.0	0.002	0.0
MPN_RS02205	pdhB	P75391	0.507	True	40.789	0.2	0.0565784010811289
MPN_RS02210	pdhA	P75390	0.623	True	29.603	0.003	0.0565784010811289
MPN_RS02215	MPN_RS02215	P75389	0.704	True	24.915	0.007	0.0
MPN_RS02220	apt	P75388	0.737	True	39.286	0.304	0.0159087049384175
MPN_RS02225	MPN_RS02225	P75387	0.864	True	no_hit	no_hit	0.0
MPN_RS02230	MPN_RS02230	P75386	0.817	True	28.467	0.012	0.0
MPN_RS02235	MPN_RS02235	P75385	0.85	False	no_hit	no_hit	0.0
MPN_RS02240	MPN_RS02240	P75384	0.697	False	no_hit	no_hit	0.0
MPN_RS02245	MPN_RS02245	P75383	0.891	False	no_hit	no_hit	0.0
MPN_RS02275	greA	P78019	0.534	True	no_hit	0.85	0.0
MPN_RS03915	MPN_RS03915			False	no_hit	no_hit	0.0
MPN_RS02280	proS	P75382	0.658	True	27.803	no_hit	0.0
MPN_RS02285	MPN_RS02285	P75381	0.398	False	no_hit	no_hit	0.0
MPN_RS02290	MPN_RS02290	P75380	0.494	False	no_hit	no_hit	0.0
MPN_RS02295	MPN_RS02295	P75379	0.783	False	no_hit	no_hit	0.0
MPN_RS02300	MPN_RS02300	P75378	0.846	True	no_hit	no_hit	0.0
MPN_RS02310	MPN_RS02310	P75377	0.648	False	no_hit	no_hit	0.0
MPN_RS02315	MPN_RS02315	P75376	0.535	False	no_hit	no_hit	0.0
MPN_RS04250	MPN_RS04250	P75375	0.875	False	no_hit	no_hit	0.0
MPN_RS02325	MPN_RS02325			False	no_hit	no_hit	0.0
MPN_RS02330	MPN_RS02330	P75374	0.736	False	no_hit	no_hit	0.0
MPN_RS02335	MPN_RS02335	P75373	0.829	False	no_hit	no_hit	0.0
MPN_RS02345	MPN_RS02345	Q9EXD6	0.329	False	no_hit	no_hit	0.0
MPN_RS02355	MPN_RS02355	P75372	0.828	True	no_hit	no_hit	0.0
MPN_RS02360	MPN_RS02360	P75371	0.632	False	no_hit	no_hit	0.0
MPN_RS02365	MPN_RS02365	P75370	0.772	True	32.558	no_hit	0.0
MPN_RS02370	MPN_RS02370	P75369	0.865	True	no_hit	no_hit	0.0
MPN_RS02375	ruvX	P57114	0.773	True	no_hit	no_hit	0.0
MPN_RS02380	alaS	P75368	0.527	True	36.496	0.006	0.0
MPN_RS02385	glpQ	P75367	0.111	True	46.154	0.052	0.0
MPN_RS02390	MPN_RS02390	P75366	0.684	True	no_hit	no_hit	0.0
MPN_RS02395	mnmA	P75365	0.535	True	35.556	0.321	0.1980592311570946
MPN_RS02400	MPN_RS02400	P75364	0.864	True	no_hit	no_hit	0.0
MPN_RS02405	MPN_RS02405	P75363	0.177	False	no_hit	0.036	0.0
MPN_RS02410	ftsY	P75362	0.813	True	31.22	0.845	0.0
MPN_RS02415	MPN_RS02415	P75361	0.361	True	52.0	0.002	0.0
MPN_RS02420	MPN_RS02420	P75360	0.605	False	no_hit	no_hit	0.0
MPN_RS02425	pta	P75359	0.786	True	no_hit	0.258	0.0829418579909243
MPN_RS02430	pgk	P78018	0.469	True	38.889	0.999	0.058770774283269
MPN_RS02435	gap	P75358	0.554	True	44.574	1.0	0.0
MPN_RS02440	MPN_RS02440	P75357	0.932	True	no_hit	no_hit	0.0
MPN_RS02445	MPN_RS02445	P75356	0.777	True	29.515	no_hit	0.0
MPN_RS02450	MPN_RS02450	P75355	0.598	True	32.203	no_hit	0.0
MPN_RS02455	dnaK	P75344	0.483	True	60.274	1.0	0.0
MPN_RS02460	MPN_RS02460	P75343	0.557	True	no_hit	no_hit	0.0
MPN_RS02465	MPN_RS02465	P75342	0.62	True	no_hit	no_hit	0.0
MPN_RS02485	MPN_RS02485	P75338	0.703	True	no_hit	no_hit	0.0
MPN_RS02490	MPN_RS02490			True	no_hit	no_hit	0.0
MPN_RS02495	MPN_RS02495	P75336	0.753	True	no_hit	no_hit	0.0
MPN_RS02500	MPN_RS02500	P75335	0.682	True	32.0	no_hit	0.0
MPN_RS02505	MPN_RS02505	P75334	0.729	True	no_hit	no_hit	0.0
MPN_RS02510	MPN_RS02510	P75333	0.799	True	no_hit	no_hit	0.0
MPN_RS02515	rpsD	P46775		True	no_hit	0.313	0.0
MPN_RS02520	hmw1	Q50365	0.751	False	no_hit	no_hit	0.0
MPN_RS02525	MPN_RS02525	Q50364	0.859	True	no_hit	0.001	0.0
MPN_RS02530	MPN_RS02530	Q50363	0.886	True	no_hit	no_hit	0.0
MPN_RS02535	MPN_RS02535	Q50362	0.562	True	no_hit	no_hit	0.0
MPN_RS02540	MPN_RS02540	Q50361	0.902	False	no_hit	no_hit	0.0
MPN_RS02545	hmw3	Q50360	0.661	True	no_hit	no_hit	0.0
MPN_RS02550	MPN_RS02550	P75330	0.435	True	no_hit	0.018	0.0
MPN_RS02555	MPN_RS02555	P75329	0.732	True	no_hit	no_hit	0.0
MPN_RS02560	MPN_RS02560	P75328	0.763	True	no_hit	no_hit	0.0
MPN_RS02575	MPN_RS02575	P75327	0.612	True	no_hit	no_hit	0.0
MPN_RS02625	MPN_RS02625	P75323	0.802	True	no_hit	no_hit	0.0
MPN_RS02630	MPN_RS02630	P75322	0.584	True	no_hit	0.001	0.0
MPN_RS02640	MPN_RS02640	P75320	0.653	False	no_hit	no_hit	0.0
MPN_RS02645	MPN_RS02645	P75319	0.663	True	no_hit	no_hit	0.0
MPN_RS02650	MPN_RS02650			False	no_hit	no_hit	0.0
MPN_RS02660	MPN_RS02660			False	no_hit	no_hit	0.0
MPN_RS02680	MPN_RS02680	P75314	0.803	True	no_hit	no_hit	0.0
MPN_RS02685	MPN_RS02685	P75313	0.581	True	32.749	0.016	0.0
MPN_RS02690	rpmG	P78015	0.053	True	no_hit	0.202	0.0
MPN_RS02695	MPN_RS02695	P75312	0.667	True	no_hit	no_hit	0.0
MPN_RS02700	MPN_RS02700	P75311	0.515	True	29.661	no_hit	0.0
MPN_RS02705	MPN_RS02705	P75310	0.799	False	no_hit	no_hit	0.0
MPN_RS02710	MPN_RS02710			False	no_hit	no_hit	0.0
MPN_RS02715	der	P75309	0.755	True	38.71	0.701	0.0007283910299476
MPN_RS02720	cmk	P75308	0.21	True	no_hit	0.252	0.2918465507052586
MPN_RS02725	MPN_RS02725	P75307	0.886	True	no_hit	no_hit	0.0
MPN_RS02730	MPN_RS02730	P75306	0.684	True	no_hit	0.002	0.0
MPN_RS02735	MPN_RS02735	P75305	0.903	True	no_hit	0.001	0.0051085881057701
MPN_RS02740	valS	P75304	0.601	True	39.691	0.007	0.0
MPN_RS02745	yihA	P75303	0.466	True	32.432	0.447	0.0
MPN_RS02750	MPN_RS02750	Q9EXD7	0.243	True	no_hit	0.135	0.0
MPN_RS02755	yibD	P75302	0.844	True	27.723	no_hit	0.0
MPN_RS02760	MPN_RS02760			False	no_hit	no_hit	0.0
MPN_RS02765	MPN_RS02765	P75301	0.099	False	no_hit	no_hit	0.0
MPN_RS02770	MPN_RS02770	P75300	0.92	False	no_hit	no_hit	0.0
MPN_RS02775	MPN_RS02775	P75298	0.667	True	29.839	no_hit	0.4686943941468108
MPN_RS02780	MPN_RS02780	P75297	0.857	True	no_hit	0.002	0.0
MPN_RS02785	MPN_RS02785			True	no_hit	no_hit	0.0
MPN_RS02790	MPN_RS02790	P75296	0.777	True	no_hit	no_hit	0.0
MPN_RS02795	recA	P78014	0.628	True	28.636	1.0	0.0
MPN_RS02800	MPN_RS02800	P75295	0.847	False	no_hit	no_hit	0.0
MPN_RS02805	MPN_RS02805	P75294	0.778	False	no_hit	0.093	0.0021073794660961
MPN_RS02810	MPN_RS02810	P75293	0.532	False	no_hit	0.078	0.052365669789152
MPN_RS02815	MPN_RS02815	P75292	0.625	False	no_hit	0.01	0.0
MPN_RS02820	MPN_RS02820	Q9EXD8	0.253	False	no_hit	0.011	0.0
MPN_RS02825	MPN_RS02825	P75291	0.937	False	no_hit	no_hit	0.0
MPN_RS02835	MPN_RS02835	P75289	0.689	False	no_hit	0.932	0.0262099343279524
MPN_RS02840	MPN_RS02840	P75288	0.498	False	no_hit	no_hit	0.0
MPN_RS02850	MPN_RS02850			False	no_hit	no_hit	0.0
MPN_RS02855	MPN_RS02855	P75286	0.355	False	no_hit	no_hit	0.0
MPN_RS04355	MPN_RS04355			False	no_hit	no_hit	0.0
MPN_RS04360	MPN_RS04360	P75372	0.828	True	no_hit	no_hit	0.0
MPN_RS02880	MPN_RS02880	P75282	0.537	False	no_hit	no_hit	0.0
MPN_RS02885	MPN_RS02885	P75281	0.211	False	no_hit	no_hit	0.0
MPN_RS02890	MPN_RS02890			False	no_hit	no_hit	0.0
MPN_RS02895	MPN_RS02895	P75280	0.73	True	no_hit	no_hit	0.0
MPN_RS02900	MPN_RS02900	P75279	0.758	True	no_hit	0.082	0.0
MPN_RS02905	MPN_RS02905	P75278	0.887	False	no_hit	no_hit	0.0
MPN_RS02910	MPN_RS02910	P75277	0.883	False	no_hit	no_hit	0.0
MPN_RS02915	MPN_RS02915	P75276	0.946	False	no_hit	no_hit	0.0
MPN_RS03930	MPN_RS03930	P75275	0.905	False	no_hit	no_hit	0.0
MPN_RS03935	MPN_RS03935	P75274	0.099	False	no_hit	no_hit	0.0
MPN_RS02925	MPN_RS02925	P75273	0.781	False	no_hit	no_hit	0.0
MPN_RS02930	MPN_RS02930			False	no_hit	no_hit	0.0
MPN_RS02940	MPN_RS02940	P75272	0.833	False	no_hit	no_hit	0.0
MPN_RS02945	rpoC	P75271	0.62	True	34.532	1.0	0.0
MPN_RS02950	MPN_RS02950	P78013	0.673	True	30.544	0.956	0.0
MPN_RS02955	MPN_RS02955	P75270	0.848	True	no_hit	no_hit	0.0
MPN_RS02960	MPN_RS02960			False	no_hit	no_hit	0.0
MPN_RS02965	MPN_RS02965			False	no_hit	no_hit	0.0
MPN_RS02970	MPN_RS02970	P75269	0.784	False	no_hit	no_hit	0.0
MPN_RS02975	MPN_RS02975	P75268	0.833	True	no_hit	no_hit	0.0
MPN_RS02980	ileS	P75258	0.587	True	35.889	0.057	0.0
MPN_RS02985	trmL	P75257	0.706	True	no_hit	0.49	0.0
MPN_RS02990	trmB	P75256	0.646	True	25.197	0.16	0.0
MPN_RS03000	MPN_RS03000	P75255	0.727	True	no_hit	no_hit	0.0
MPN_RS03015	MPN_RS03015	P75254	0.021	False	no_hit	0.125	0.0
MPN_RS03020	MPN_RS03020	P75253	0.427	True	no_hit	no_hit	0.0
MPN_RS03025	MPN_RS03025	P75252	0.723	True	no_hit	no_hit	0.0
MPN_RS03035	MPN_RS03035	P75251	0.545	True	no_hit	no_hit	0.0
MPN_RS03040	MPN_RS03040	P75250	0.468	True	25.625	0.119	0.0
MPN_RS03050	MPN_RS03050	P75249	0.278	True	no_hit	no_hit	0.0
MPN_RS03055	MPN_RS03055	P75248	0.406	True	no_hit	no_hit	0.0
MPN_RS03060	clpB	P75247	0.778	True	38.494	1.0	0.0
MPN_RS03065	MPN_RS03065	P75246	0.796	True	no_hit	no_hit	0.0
MPN_RS03070	MPN_RS03070	P75245	0.895	True	no_hit	0.961	0.0284065825157591
MPN_RS03075	MPN_RS03075			False	no_hit	no_hit	0.0
MPN_RS03080	MPN_RS03080	P75244	0.752	False	no_hit	no_hit	0.0
MPN_RS03085	ruvA	P75243	0.675	False	no_hit	no_hit	0.0
MPN_RS03090	ruvB	P75242	0.776	False	30.952	0.002	0.0
MPN_RS03095	MPN_RS03095	P75241	0.835	False	36.975	0.001	0.0
MPN_RS03100	rplJ	P75240	0.053	True	no_hit	no_hit	0.0
MPN_RS03105	rplL	P75239	0.651	True	no_hit	0.749	0.0
MPN_RS03110	rpmF	P75238	0.053	True	no_hit	0.289	0.0
MPN_RS03115	rpsT	P75237		True	no_hit	0.012	0.0
MPN_RS03120	MPN_RS03120	P75236	0.594	True	no_hit	no_hit	0.0
MPN_RS03125	fmt	P75235	0.794	True	27.536	no_hit	0.0
MPN_RS03130	MPN_RS03130	P75234	0.687	True	no_hit	no_hit	0.0
MPN_RS03135	rnc	P75233	0.666	False	37.179	0.03	0.0
MPN_RS03140	plsX	P75232	0.719	True	no_hit	0.002	0.0
MPN_RS03145	MPN_RS03145	P75231	0.672	True	no_hit	no_hit	0.0
MPN_RS03150	MPN_RS03150	P75230	0.871	False	25.962	no_hit	0.0
MPN_RS03155	MPN_RS03155	P75229	0.673	True	no_hit	no_hit	0.0
MPN_RS03160	thiI	P75228	0.807	True	no_hit	0.001	0.0
MPN_RS03165	MPN_RS03165	P75227	0.738	True	no_hit	0.002	0.0
MPN_RS03170	MPN_RS03170	P75226	0.832	True	no_hit	no_hit	0.0
MPN_RS03175	thrS	P75225	0.344	True	37.59	0.035	0.0
MPN_RS03180	MPN_RS03180	P75224	0.4	True	no_hit	no_hit	0.0
MPN_RS03185	MPN_RS03185	P75223	0.631	True	no_hit	0.001	0.0
MPN_RS03190	argS	P75222	0.455	True	28.467	no_hit	0.0
MPN_RS03195	mnmG	P75221	0.774	True	46.667	0.938	0.7640283002812691
MPN_RS03200	rsmG	P75220	0.716	False	no_hit	no_hit	0.0
MPN_RS03205	MPN_RS03205	P75219	0.785	True	no_hit	no_hit	0.0
MPN_RS03215	MPN_RS03215	P75218	0.464	False	no_hit	no_hit	0.0
MPN_RS03220	udk	P75217	0.529	True	38.35	0.241	0.2278194327438658
MPN_RS03225	nadE	P75216	0.71	True	27.778	0.034	0.2595611109530465
MPN_RS03230	obgE	P75215	0.776	True	41.935	0.154	0.0007283910299476
MPN_RS03235	MPN_RS03235	P75214	0.465	False	49.231	0.203	0.0
MPN_RS03240	MPN_RS03240	P75213	0.964	True	no_hit	no_hit	0.0
MPN_RS03245	MPN_RS03245	P75212	0.693	False	30.0	0.031	0.0
MPN_RS03250	MPN_RS03250	P75211	0.738	True	no_hit	no_hit	0.0
MPN_RS03255	era	P75210	0.533	True	22.222	no_hit	0.0007283910299476
MPN_RS03260	ybeY	P75209	0.595	True	no_hit	no_hit	0.0
MPN_RS03265	MPN_RS03265	P75208	0.741	True	no_hit	no_hit	0.0
MPN_RS03270	MPN_RS03270	P75207	0.637	False	25.556	no_hit	0.0
MPN_RS03275	MPN_RS03275	P75206	0.819	True	39.117	0.189	0.0
MPN_RS03280	groL	P78012	0.263	True	51.813	1.0	0.0
MPN_RS03285	groES	P75205	0.537	True	no_hit	no_hit	0.0
MPN_RS03290	MPN_RS03290	P75204	0.752	False	no_hit	no_hit	0.0
MPN_RS03295	glyA	P78011	0.564	True	55.285	1.0	0.0346838177992431
MPN_RS03300	MPN_RS03300	P75203	0.575	False	no_hit	no_hit	0.0
MPN_RS03310	MPN_RS03310	P75201	0.925	False	no_hit	no_hit	0.0
MPN_RS03315	MPN_RS03315	P75200	0.674	True	no_hit	no_hit	0.0
MPN_RS03320	MPN_RS03320	P75199	0.926	True	no_hit	no_hit	0.0
MPN_RS03325	MPN_RS03325	P75198	0.704	False	no_hit	no_hit	0.0
MPN_RS04280	MPN_RS04280			True	no_hit	no_hit	0.0
MPN_RS03340	MPN_RS03340	P75196	0.174	False	no_hit	no_hit	0.0
MPN_RS03345	MPN_RS03345	P75195	0.655	True	no_hit	no_hit	0.0
MPN_RS04035	MPN_RS04035	P75194	0.831	True	no_hit	no_hit	0.0
MPN_RS04285	MPN_RS04285	P75193	0.719	True	no_hit	no_hit	0.0
MPN_RS03360	MPN_RS03360	Q50339	0.699	True	no_hit	no_hit	0.0
MPN_RS03365	MPN_RS03365	Q50338	0.774	False	no_hit	no_hit	0.0
MPN_RS03370	MPN_RS03370	Q50337	0.807	True	no_hit	no_hit	0.0
MPN_RS03375	MPN_RS03375	Q50336	0.813	False	no_hit	no_hit	0.0
MPN_RS03380	MPN_RS03380	Q50335	0.928	True	no_hit	no_hit	0.0
MPN_RS03385	MPN_RS03385	Q50334	0.595	False	no_hit	no_hit	0.0
MPN_RS03390	MPN_RS03390	P75191	0.921	False	no_hit	no_hit	0.0
MPN_RS03395	rpiB	P53527	0.203	True	no_hit	0.9	0.004316154081023
MPN_RS03400	MPN_RS03400	Q50333	0.589	False	no_hit	no_hit	0.0
MPN_RS03405	MPN_RS03405	Q50332	0.571	False	no_hit	no_hit	0.0
MPN_RS03410	atpD	Q50331	0.696	True	80.357	1.0	0.0
MPN_RS03415	atpG	Q50330	0.88	True	24.476	no_hit	0.0
MPN_RS03420	atpA	Q50329	0.32	True	55.263	1.0	0.0
MPN_RS03425	atpH	Q50328	0.5	True	no_hit	no_hit	0.0
MPN_RS03430	atpF	Q50327	0.828	True	no_hit	no_hit	0.0
MPN_RS03435	MPN_RS03435	Q59550	0.844	True	35.0	0.364	0.0
MPN_RS03440	MPN_RS03440	Q50326	0.964	True	no_hit	no_hit	0.0
MPN_RS03445	MPN_RS03445	Q50325	0.92	True	no_hit	no_hit	0.0
MPN_RS03450	eno	P75189	0.716	True	57.377	1.0	0.0491436877777231
MPN_RS03455	msrA	P75188	0.859	False	51.22	0.821	0.0
MPN_RS03460	phoU	P75187	0.721	True	no_hit	no_hit	0.0
MPN_RS03465	pstB	P75186	0.631	True	44.898	1.0	0.0
MPN_RS03470	pstA	P75185	0.641	False	no_hit	no_hit	0.0
MPN_RS03475	MPN_RS03475	P75184	0.621	False	no_hit	no_hit	0.0
MPN_RS04290	MPN_RS04290			False	no_hit	no_hit	0.0
MPN_RS04010	MPN_RS04010	P75183	0.286	False	no_hit	no_hit	0.0
MPN_RS03490	MPN_RS03490	P75182	0.943	False	no_hit	no_hit	0.0
MPN_RS03495	MPN_RS03495	P75181	0.855	False	no_hit	no_hit	0.0
MPN_RS03500	MPN_RS03500	P75180	0.436	True	no_hit	0.158	0.0
MPN_RS03505	rpsI	P75179		True	39.37	1.0	0.0
MPN_RS03510	rplM	P75178	0.053	True	31.068	0.986	0.0
MPN_RS03515	dnaX	P75177	0.922	True	29.05	0.953	0.0
MPN_RS03520	uvrA	P75176	0.658	True	no_hit	1.0	0.0
MPN_RS03525	MPN_RS03525	P75175	0.846	True	no_hit	no_hit	0.0
MPN_RS03530	MPN_RS03530	P75174	0.494	True	no_hit	0.001	0.0
MPN_RS03535	rpsO	P75173		True	no_hit	0.998	0.0
MPN_RS03540	MPN_RS03540	P75172	0.654	True	38.667	no_hit	0.0
MPN_RS03545	rpmB	P75171	0.053	True	no_hit	0.104	0.0
MPN_RS03550	MPN_RS03550	P75170	0.664	True	no_hit	no_hit	0.0
MPN_RS03555	MPN_RS03555	P75169	0.92	False	no_hit	no_hit	0.0
MPN_RS03560	ptsP	P75168	0.508	True	no_hit	0.462	0.0
MPN_RS03565	gpmI	P75167	0.819	True	no_hit	1.0	0.0021654315951977
MPN_RS03570	tpiA	P78010	0.532	True	39.796	0.326	0.105534870367274
MPN_RS03575	MPN_RS03575	P75166	0.59	True	no_hit	no_hit	0.0
MPN_RS03580	tsf	P78009	0.622	True	37.255	0.032	0.0
MPN_RS03585	pyrH	P75165	0.593	True	no_hit	0.009	0.2918465507052586
MPN_RS04190	MPN_RS04190	P75164	0.547	False	no_hit	0.01	0.0
MPN_RS04195	MPN_RS04195	P75163	0.82	False	no_hit	no_hit	0.0
MPN_RS04045	MPN_RS04045	P75162	0.827	False	no_hit	no_hit	0.0
MPN_RS03600	frr	P75161	0.04	True	24.096	0.006	0.0
MPN_RS03605	MPN_RS03605	P75160	0.744	True	34.483	0.001	0.0170160442752159
MPN_RS03610	MPN_RS03610	P75159	0.5	False	no_hit	0.001	0.0
MPN_RS03615	MPN_RS03615	P75158	0.933	False	no_hit	no_hit	0.0
MPN_RS03620	MPN_RS03620	P75157	0.856	True	no_hit	no_hit	0.0
MPN_RS03625	MPN_RS03625	P75156	0.417	True	no_hit	no_hit	0.0
MPN_RS03630	MPN_RS03630	P75155	0.665	True	no_hit	no_hit	0.0
MPN_RS03635	MPN_RS03635	P75154	0.559	True	no_hit	no_hit	0.0
MPN_RS03640	MPN_RS03640	P75153	0.553	True	no_hit	no_hit	0.0
MPN_RS03645	MPN_RS03645	P75152	0.186	True	no_hit	no_hit	0.0
MPN_RS03650	MPN_RS03650	P75151	0.737	True	no_hit	no_hit	0.0
MPN_RS03655	MPN_RS03655	P75150	0.918	True	no_hit	no_hit	0.0
MPN_RS03660	MPN_RS03660	P75149	0.663	False	no_hit	no_hit	0.0
MPN_RS03665	MPN_RS03665	P75148	0.842	False	no_hit	no_hit	0.0
MPN_RS03670	MPN_RS03670	P75147	0.823	False	no_hit	no_hit	0.0
MPN_RS03675	MPN_RS03675			False	no_hit	no_hit	0.0
MPN_RS04200	MPN_RS04200	P75146		True	no_hit	0.416	0.0
MPN_RS03680	MPN_RS03680	P75146		False	no_hit	0.087	0.0
MPN_RS03685	MPN_RS03685	P78008	0.557	False	no_hit	no_hit	0.1534726051657332
MPN_RS03690	MPN_RS03690	P75145	0.838	False	no_hit	no_hit	0.0
MPN_RS04205	MPN_RS04205	P75137	0.846	False	no_hit	no_hit	0.0
MPN_RS04365	MPN_RS04365	P75136	0.456	False	no_hit	0.004	0.0
MPN_RS03705	MPN_RS03705			False	no_hit	no_hit	0.0
MPN_RS03710	ylqF	P75135	0.718	True	41.27	no_hit	0.0
MPN_RS03715	MPN_RS03715	P75134	0.863	True	no_hit	no_hit	0.0
MPN_RS03720	rplS	P75133	0.053	True	30.303	0.998	0.0
MPN_RS03725	trmD	P75132	0.788	True	no_hit	0.992	0.0
MPN_RS03730	rpsP	P75131		True	no_hit	1.0	0.0
MPN_RS03735	MPN_RS03735	P75130	0.864	True	no_hit	no_hit	0.0
MPN_RS03740	msrB	P75129	0.507	True	48.387	0.887	0.0
MPN_RS03745	MPN_RS03745	P75128	0.659	True	no_hit	0.379	0.0
MPN_RS03750	MPN_RS03750	P75127	0.897	True	no_hit	no_hit	0.0
MPN_RS03755	tuf	P23568	0.623	True	77.419	1.0	0.0
MPN_RS03760	MPN_RS03760	P75125	0.782	False	no_hit	no_hit	0.0
MPN_RS03765	galU	P75124	0.667	True	24.885	0.99	0.3307645252024385
MPN_RS03770	MPN_RS03770	P75123	0.324	False	no_hit	no_hit	0.0
MPN_RS03775	tyrS	P75122	0.425	True	36.071	1.0	0.0
MPN_RS03780	MPN_RS03780	P75121	0.796	True	no_hit	no_hit	0.0
MPN_RS03785	MPN_RS03785			False	no_hit	no_hit	0.0
MPN_RS03790	ftsH	P75120	0.424	True	57.5	0.999	0.0
MPN_RS03795	hpt	P75119	0.194	True	28.758	0.066	0.0517401312005025
MPN_RS03800	MPN_RS03800	P75118	0.347	True	no_hit	no_hit	0.0
MPN_RS03805	MPN_RS03805	P78007	0.453	True	39.048	0.332	0.284090174355687
MPN_RS03810	MPN_RS03810	P75117	0.882	False	no_hit	no_hit	0.0
MPN_RS03815	MPN_RS03815	P75115	0.578	True	34.737	no_hit	0.0
MPN_RS03820	gltX	P75114	0.897	True	44.681	0.126	0.0
MPN_RS03825	rsmA	P75113	0.444	True	32.121	no_hit	0.0
MPN_RS03830	yidC	P75112	0.753	True	no_hit	0.001	0.0
MPN_RS03835	rnpA	P75111	0.761	True	no_hit	no_hit	0.0
MPN_RS03840	rpmH	P78006	0.053	True	no_hit	0.775	0.0
MPN_RS03845	MPN_RS03845	P75110	0.714	True	58.333	0.926	0.0
MPN_RS03850	MPN_RS03850	P75109	0.858	True	no_hit	no_hit	0.0
MPN_RS03855	MPN_RS03855	Q50316	0.353	True	30.392	0.526	0.0
MPN_RS03860	dnaA	Q59549	0.641	True	no_hit	no_hit	0.0
MPN_RS03865	MPN_RS03865	Q50315	0.921	True	no_hit	no_hit	0.0
MPN_RS03870	MPN_RS03870	Q50314	0.495	True	no_hit	no_hit	0.0
